shift_id,gas_ppm,dust_level,temperature_c,humidity,accel_mag,proximity_m,noise_db,accident_incident
1,57.5,83.1,,50.1,1.15,1.77,86.1,0
2,47.9,69.3,34.9,51.4,0.98,2.74,85.5,0
3,59.7,83.1,31.3,84.6,0.58,2.12,91.5,0
4,72.8,93.6,32.6,60.0,0.79,2.9,78.2,0
5,46.5,81.2,42.4,69.4,0.92,3.57,71.1,0
6,46.5,81.0,40.7,50.5,0.52,5.67,86.3,0
7,73.7,62.5,27.5,50.6,0.78,3.36,87.2,0
8,61.5,,38.1,73.0,1.2,0.83,96.9,1
9,43.0,44.9,38.1,43.8,1.43,6.28,74.8,0
10,,123.7,28.3,,0.87,2.33,94.2,0
11,43.0,48.9,38.1,60.4,1.23,3.88,103.9,0
12,43.0,,41.7,61.3,0.43,4.89,82.0,0
13,53.6,62.0,28.4,57.9,1.2,4.4,74.7,0
14,21.3,102.4,29.4,64.7,0.76,6.19,81.7,0
15,24.1,72.6,39.1,68.3,1.09,4.96,85.1,0
16,41.6,111.2,35.4,68.8,0.93,2.28,89.5,0
17,34.8,63.2,36.8,48.2,1.4,8.36,80.3,0
18,54.7,87.0,,56.6,0.74,4.39,97.4,0
19,36.4,59.1,36.0,74.3,1.19,3.71,76.1,0
20,28.8,133.6,27.4,70.7,0.92,5.93,71.1,0
21,72.0,50.3,39.2,43.5,0.95,4.5,93.9,0
22,46.6,87.7,39.8,64.2,0.94,4.8,66.8,0
23,51.0,95.8,32.9,36.3,0.75,8.98,83.4,0
24,28.6,90.3,33.8,60.6,1.0,3.45,109.9,0
25,41.8,75.4,26.3,82.8,0.98,3.36,84.9,0
26,51.7,76.8,36.6,48.6,1.07,4.23,76.0,0
27,32.7,81.1,36.9,50.0,1.03,6.14,84.5,0
28,55.6,76.3,33.7,69.2,1.24,0.99,84.6,0
29,41.0,104.1,,41.5,1.28,0.07,86.3,0
30,45.6,135.3,32.3,52.4,0.68,2.83,90.3,0
31,41.0,66.1,36.8,67.2,1.26,0.73,76.7,0
32,77.8,,28.9,52.4,0.64,,98.5,1
33,49.8,77.8,33.9,57.2,1.18,5.0,87.0,0
34,34.1,144.5,33.1,68.9,1.19,2.22,90.8,0
35,,59.9,35.1,65.1,0.43,1.15,80.0,0
36,31.7,,32.2,63.2,1.03,4.14,95.3,1
37,53.1,121.9,33.3,55.9,0.86,5.73,82.9,0
38,20.6,66.2,38.1,64.4,0.77,0.61,87.2,0
39,30.1,94.2,31.8,58.5,1.41,5.64,77.5,0
40,53.0,120.7,26.0,65.5,0.8,,77.0,0
41,61.1,70.5,42.7,,0.76,5.91,90.5,0
42,52.6,74.9,40.9,57.8,1.02,6.44,81.5,0
43,48.3,65.5,27.5,48.1,1.21,,78.2,0
44,45.5,,37.4,59.6,0.96,3.29,79.9,0
45,27.8,63.8,31.5,50.3,1.35,4.22,90.6,0
46,39.2,49.4,35.3,46.6,1.16,3.17,80.0,0
47,,80.9,35.5,63.1,0.35,4.0,84.1,0
48,65.9,60.8,32.8,62.6,0.84,7.07,85.1,0
49,55.2,85.8,30.1,69.4,0.83,1.31,69.7,0
50,23.6,41.1,,54.8,1.14,2.28,73.2,0
51,54.9,88.3,29.4,64.9,0.21,6.75,87.7,0
52,,100.8,29.8,,1.76,6.04,79.1,0
53,39.8,30.2,33.7,65.3,1.16,3.27,93.5,0
54,,89.4,30.4,50.1,1.04,5.71,92.7,0
55,65.5,110.7,37.4,61.8,1.35,4.68,90.8,0
56,64.0,49.8,41.4,64.4,1.7,7.0,99.6,1
57,37.4,121.8,31.1,,1.26,4.15,84.3,0
58,45.4,90.5,35.2,35.0,1.28,6.05,90.2,0
59,55.0,62.4,36.5,61.9,1.04,9.28,80.3,0
60,64.6,78.6,36.4,86.6,0.96,5.2,104.6,0
61,42.8,94.0,34.4,55.7,0.86,,100.9,0
62,47.2,81.9,150.0,,0.75,,85.1,0
63,33.4,93.5,36.4,64.5,0.79,3.27,88.1,0
64,,57.0,27.8,63.7,0.59,8.78,95.9,0
65,62.2,84.2,38.3,74.3,0.98,4.36,83.8,0
66,70.3,44.7,38.4,44.9,0.49,3.45,79.7,0
67,48.9,77.2,30.2,68.8,1.06,2.33,92.0,0
68,65.1,,34.2,67.1,0.99,6.19,85.6,0
69,55.4,61.6,150.0,58.3,1.04,5.73,86.5,0
70,40.3,,33.0,64.1,0.84,,78.3,0
71,55.4,107.3,,72.4,1.92,5.15,71.3,0
72,73.1,95.2,45.8,70.5,1.41,0.98,86.9,1
73,49.5,52.7,30.1,46.3,0.63,4.37,92.2,0
74,73.5,72.1,27.1,69.8,1.07,4.91,83.2,0
75,10.7,,35.5,59.2,0.82,7.41,96.5,1
76,62.3,83.5,37.6,60.9,0.7,2.46,79.4,0
77,51.3,138.0,32.8,60.9,0.6,1.44,76.6,1
78,45.5,89.8,41.3,58.2,1.13,,84.5,0
79,51.4,84.8,27.3,74.3,0.8,1.33,84.3,0
80,20.2,72.3,37.5,59.0,1.29,6.67,91.2,0
81,46.7,83.3,31.0,46.6,1.3,,78.8,0
82,55.4,76.2,42.6,,1.41,4.64,95.9,1
83,72.2,97.7,44.0,62.1,0.74,6.44,100.7,1
84,,103.9,30.2,74.8,1.14,4.27,84.7,0
85,37.9,60.4,,67.2,1.19,3.81,95.0,0
86,42.5,46.7,38.3,,0.86,3.33,76.5,0
87,63.7,34.1,32.1,89.8,0.77,3.38,93.6,0
88,54.9,,33.8,63.2,1.48,0.9,93.4,0
89,42.1,52.4,34.1,75.3,1.07,4.53,91.9,0
90,57.7,26.2,24.4,58.2,1.19,3.92,84.9,0
91,51.5,89.7,33.9,,0.75,5.49,61.4,0
92,64.5,142.3,30.6,70.1,0.63,4.19,79.9,0
93,39.5,79.8,31.5,,0.83,3.67,80.0,0
94,45.1,101.0,41.2,,0.96,,77.2,0
95,44.1,82.0,27.7,70.5,0.68,4.14,86.0,0
96,28.0,77.5,38.1,56.2,1.0,,81.6,0
97,54.4,103.0,32.6,53.1,0.49,1.71,78.4,0
98,53.9,72.7,32.6,64.0,0.66,4.17,76.5,0
99,,86.7,38.0,71.2,1.2,4.47,79.3,0
100,46.5,88.0,35.7,57.3,1.18,2.56,94.0,0
101,28.8,63.3,36.9,72.8,0.88,2.82,79.7,0
102,43.7,104.8,38.8,,0.69,4.46,80.9,0
103,44.9,75.6,150.0,49.0,0.69,1.73,81.3,0
104,38.0,61.1,,,0.89,4.7,87.7,0
105,47.6,93.4,28.6,58.3,1.19,,88.6,0
106,56.1,57.5,29.9,63.7,1.28,6.13,60.6,0
107,78.3,80.7,48.7,53.7,0.85,8.68,93.2,1
108,52.6,79.8,,76.2,0.65,2.28,96.5,1
109,53.9,107.1,27.2,65.1,1.08,5.07,76.6,0
110,,91.9,27.4,60.5,0.75,2.55,77.2,0
111,21.2,79.4,36.4,42.8,0.84,6.08,81.4,0
112,49.6,100.4,36.7,,1.4,1.47,79.0,0
113,50.9,114.8,36.7,63.4,1.25,4.96,86.8,0
114,,93.9,32.7,34.4,1.05,2.25,69.4,0
115,47.1,80.3,33.4,72.2,0.62,3.59,76.1,0
116,54.5,47.2,35.6,58.1,1.06,1.94,97.3,0
117,49.5,53.4,34.4,,1.32,5.64,77.6,0
118,32.5,72.4,22.9,,0.89,2.33,94.9,0
119,67.1,64.8,32.9,57.8,1.41,5.1,87.8,0
120,61.3,75.3,29.7,58.7,1.39,3.31,70.5,0
121,61.9,81.4,34.9,,1.5,3.77,90.1,0
122,36.4,93.2,48.9,80.4,1.09,4.3,84.1,0
123,71.0,78.2,35.8,40.3,1.18,2.48,81.4,0
124,29.0,,32.4,38.6,1.42,4.42,87.0,0
125,58.8,81.6,38.6,52.5,1.13,7.06,88.8,0
126,82.9,30.6,36.4,67.0,0.85,2.44,90.7,0
127,35.1,56.5,36.1,66.0,0.87,6.34,94.4,0
128,41.5,76.4,37.0,72.8,1.07,7.0,88.3,0
129,,49.8,44.3,45.6,0.61,2.37,74.0,0
130,42.4,95.0,28.3,32.2,0.96,1.09,81.2,0
131,26.7,118.3,36.4,70.3,1.33,4.6,108.5,1
132,51.0,,29.4,50.1,0.34,2.91,90.8,0
133,34.1,74.7,36.8,35.8,1.46,7.74,104.0,0
134,57.1,117.3,29.4,61.7,1.34,4.07,96.2,1
135,36.2,83.7,31.9,69.5,0.86,2.4,86.9,0
136,9999.0,71.6,,58.5,1.16,1.71,87.4,0
137,38.3,64.7,38.9,54.5,1.0,6.18,84.7,0
138,45.2,72.4,38.6,58.1,1.37,2.86,71.1,0
139,62.2,70.3,27.8,55.6,1.29,4.09,85.1,0
140,31.5,,34.3,43.8,0.58,5.91,94.7,0
141,,84.0,30.5,51.4,1.18,3.03,80.2,0
142,,80.1,27.7,66.3,0.94,3.91,88.3,0
143,25.9,,,63.9,1.02,3.97,91.8,0
144,52.8,109.8,32.5,62.0,0.78,5.37,77.7,0
145,53.9,103.7,46.1,48.1,1.52,5.18,81.4,0
146,61.7,42.9,36.2,57.8,1.31,3.56,76.9,0
147,31.4,16.2,27.1,33.9,0.78,4.13,78.4,0
148,30.2,103.4,31.2,62.1,0.6,3.26,74.7,0
149,57.8,45.8,39.1,77.1,0.88,1.04,77.8,0
150,54.5,74.4,44.4,42.3,1.13,4.52,96.4,1
151,53.8,50.7,26.1,53.0,1.07,7.78,77.7,0
152,,35.0,24.6,63.9,1.38,2.23,86.0,0
153,39.8,93.5,43.4,75.0,1.24,2.45,81.0,0
154,53.5,99.0,35.9,54.6,1.29,2.26,94.4,0
155,54.4,65.6,29.7,51.7,1.1,5.45,95.5,0
156,39.3,15.2,36.7,36.4,0.58,4.9,91.9,0
157,78.0,66.3,20.8,61.2,0.94,3.68,87.4,0
158,57.1,89.8,34.0,84.5,1.32,2.16,83.2,0
159,32.1,43.0,35.6,63.3,0.98,4.18,75.5,0
160,59.8,84.6,,59.7,1.15,0.87,100.5,1
161,35.4,79.6,28.9,63.9,0.9,4.29,78.9,0
162,61.8,94.5,34.4,59.9,0.69,5.74,90.3,0
163,67.4,83.0,29.4,50.2,0.96,1.5,93.5,0
164,37.7,55.7,35.3,69.9,1.09,0.93,80.6,0
165,64.5,109.9,29.5,62.7,0.8,7.16,93.3,0
166,56.2,76.0,32.0,60.2,0.93,2.78,91.1,0
167,62.3,79.3,29.0,48.3,0.72,6.27,98.8,0
168,78.5,56.7,37.3,75.6,1.34,3.69,81.2,0
169,46.3,68.9,38.3,68.0,0.91,3.68,74.7,0
170,38.7,57.9,32.8,53.4,1.44,,81.0,0
171,36.7,75.7,34.2,72.0,1.46,2.23,86.7,0
172,37.8,122.8,26.8,54.0,0.98,4.26,85.5,0
173,48.8,45.7,32.5,50.6,0.7,3.24,81.9,0
174,55.1,39.7,33.7,50.9,0.37,1.36,69.7,0
175,54.2,116.8,47.1,38.7,0.56,4.67,88.8,1
176,62.4,74.8,28.4,65.7,0.59,3.47,100.8,0
177,50.2,63.3,41.3,38.0,1.41,3.69,88.7,0
178,71.8,,39.0,45.3,1.03,1.58,89.9,0
179,46.0,64.9,35.4,35.1,1.12,7.18,89.6,0
180,90.8,125.7,42.8,59.0,0.33,5.75,88.2,1
181,59.4,96.9,35.9,58.2,0.64,5.93,92.5,0
182,37.1,67.8,35.9,,1.27,3.39,88.2,0
183,33.9,133.9,33.7,47.5,1.09,0.54,82.5,1
184,57.2,64.9,,45.9,0.96,7.91,78.6,0
185,46.6,98.6,39.5,65.6,1.17,3.88,83.0,0
186,60.7,87.5,,53.4,1.49,2.5,87.5,0
187,,112.5,27.4,63.8,0.93,4.83,82.5,0
188,48.9,119.0,33.0,49.4,1.02,6.33,87.5,0
189,37.3,80.8,30.0,62.2,1.06,3.95,88.5,0
190,9999.0,61.2,,75.6,1.72,6.56,91.7,0
191,9999.0,,40.2,67.0,0.37,6.17,95.3,1
192,62.8,63.1,31.7,55.1,1.2,1.85,85.6,0
193,53.2,130.3,,63.1,0.97,2.65,74.5,0
194,31.3,83.4,34.3,57.1,1.17,5.92,82.2,0
195,52.6,70.9,38.2,60.1,0.8,1.43,85.4,0
196,55.8,84.6,,56.1,0.99,3.7,70.3,0
197,36.7,46.3,31.0,58.0,1.21,1.14,96.1,1
198,52.3,55.7,35.1,62.5,1.93,3.05,86.1,0
199,50.9,110.0,40.0,48.1,1.24,3.4,88.1,0
200,32.9,63.6,31.5,47.8,0.75,3.28,95.9,0
201,55.4,53.8,,43.3,0.87,2.9,80.0,0
202,58.4,93.4,37.1,40.8,0.86,,89.6,0
203,66.2,109.6,30.8,45.4,0.46,8.58,84.1,0
204,65.8,98.0,28.1,61.9,0.9,7.73,83.5,0
205,29.3,104.9,30.9,,1.22,1.68,78.8,0
206,35.9,61.1,33.1,66.2,0.62,7.16,98.3,0
207,57.7,44.5,31.0,60.4,1.31,3.2,82.0,0
208,57.7,117.5,23.0,36.4,1.15,4.26,90.6,0
209,57.7,71.9,38.5,67.9,0.78,3.87,70.0,0
210,107.8,73.7,40.4,69.7,0.96,2.68,94.4,1
211,58.6,113.2,37.3,48.1,1.48,5.97,93.4,0
212,67.0,,28.3,65.0,1.22,4.25,85.8,0
213,64.3,91.4,33.0,49.7,1.0,3.05,83.2,0
214,59.8,134.1,34.0,61.2,0.93,1.39,88.2,1
215,45.3,63.9,37.0,44.8,1.02,,103.3,0
216,61.4,103.2,37.3,38.5,0.85,0.72,70.9,0
217,,81.4,30.3,55.4,0.37,4.02,91.3,0
218,46.4,,34.4,58.5,1.61,1.61,77.7,0
219,42.7,,36.3,55.2,1.05,3.47,84.8,0
220,51.2,92.7,41.3,45.8,1.12,6.74,83.0,0
221,,93.5,,55.2,0.98,6.4,81.6,0
222,22.0,106.8,37.9,63.2,0.78,3.94,84.9,0
223,60.3,70.9,34.4,59.5,0.94,3.83,75.9,0
224,25.8,59.0,41.1,62.2,0.52,7.76,93.2,0
225,42.9,53.9,36.0,52.0,1.68,5.04,70.6,0
226,66.3,30.8,29.7,74.1,0.63,3.34,89.3,0
227,51.0,131.4,41.0,45.9,0.69,1.15,82.4,1
228,33.8,52.4,37.5,65.9,0.87,4.79,75.6,0
229,39.3,,31.8,74.2,1.39,5.66,86.6,0
230,60.2,73.1,31.6,65.8,1.0,2.74,72.5,0
231,39.0,,35.5,57.6,0.63,4.58,85.3,0
232,53.2,100.4,36.3,53.7,1.38,3.27,73.6,0
233,50.7,101.5,35.0,72.4,1.22,,88.7,0
234,40.2,65.4,35.6,42.9,1.16,0.98,77.6,0
235,82.2,75.8,42.5,48.4,1.21,3.56,81.4,1
236,59.5,87.1,39.4,55.2,1.72,,87.4,0
237,19.6,73.8,35.0,74.9,1.66,2.74,78.8,0
238,52.8,120.2,38.7,64.6,0.79,4.11,84.5,0
239,40.1,92.3,28.8,48.4,1.49,2.49,72.9,0
240,9999.0,98.4,36.0,56.3,1.11,4.72,90.0,0
241,38.1,96.6,43.0,52.6,1.15,3.57,99.1,1
242,48.3,109.3,32.9,51.5,0.49,2.12,107.3,0
243,57.6,84.5,,71.7,0.95,6.67,85.7,0
244,63.0,47.6,30.7,43.5,0.76,5.86,91.3,0
245,32.0,90.0,28.6,79.3,1.25,2.79,70.8,0
246,45.0,63.7,30.1,69.9,1.32,5.0,97.0,0
247,42.9,66.8,32.1,73.1,0.38,5.07,91.2,0
248,40.2,94.7,27.0,54.4,0.99,5.28,81.1,0
249,76.5,111.0,,58.2,1.34,0.61,94.9,1
250,56.1,80.5,,42.8,0.94,6.01,83.0,0
251,31.1,87.7,29.5,53.7,1.22,2.86,81.3,0
252,63.8,122.6,41.6,65.9,1.11,3.28,88.8,1
253,,86.0,36.6,75.6,1.1,9.28,76.5,0
254,65.5,145.0,39.2,46.7,0.92,4.6,93.2,0
255,27.2,94.1,30.7,55.6,0.64,3.23,76.6,0
256,42.7,36.0,38.3,58.2,0.66,0.41,76.6,0
257,69.0,98.8,28.5,43.3,1.21,6.78,77.7,0
258,39.4,89.5,38.5,67.1,1.01,1.31,91.1,0
259,56.7,112.2,34.9,,0.96,1.99,80.1,0
260,61.6,96.8,36.8,57.7,0.87,3.34,74.2,0
261,36.1,76.5,28.1,54.6,0.91,6.83,80.2,0
262,49.1,,29.5,50.5,1.31,5.55,84.7,0
263,,74.8,37.0,59.9,0.9,3.68,75.6,0
264,34.6,58.7,29.3,,0.6,4.62,75.8,0
265,46.2,65.5,36.3,55.5,1.22,2.8,101.9,0
266,31.3,94.7,27.2,,0.94,4.28,78.1,0
267,74.5,121.7,38.2,63.8,1.01,4.15,82.4,1
268,28.5,89.9,27.8,,1.48,5.94,82.1,0
269,43.4,50.1,36.8,61.7,0.99,5.93,81.6,0
270,52.0,91.1,37.1,72.0,1.09,4.99,90.0,0
271,71.6,109.9,30.5,43.3,0.65,3.28,92.6,0
272,28.5,64.8,36.9,61.9,0.93,,82.6,0
273,67.4,76.6,35.3,46.8,1.18,3.82,75.1,0
274,50.2,,150.0,,0.53,1.84,95.2,0
275,35.3,,29.0,51.1,1.06,3.19,84.2,0
276,56.9,96.2,,74.3,1.03,4.17,98.8,0
277,53.0,77.0,,71.4,1.01,5.82,67.0,0
278,41.0,90.5,,62.9,1.31,,86.6,0
279,51.0,57.8,34.5,41.6,1.1,1.58,100.3,0
280,44.2,69.1,32.7,57.6,1.44,,82.2,0
281,,98.1,37.4,,0.7,4.23,83.2,0
282,59.9,70.7,32.5,62.1,1.04,4.37,87.4,0
283,73.8,123.2,32.4,37.9,1.03,5.84,80.5,1
284,9999.0,70.0,37.7,49.3,0.68,6.04,82.5,0
285,82.0,85.6,35.7,59.2,1.29,2.81,82.3,0
286,20.7,103.3,35.6,66.4,1.7,2.77,80.0,0
287,47.7,44.5,36.3,33.6,0.99,1.92,94.8,0
288,58.8,36.0,26.3,58.1,1.15,5.4,88.7,0
289,54.2,41.9,37.8,61.7,1.03,6.9,87.0,0
290,40.7,111.6,37.1,70.2,0.79,,91.5,0
291,46.9,66.2,28.9,68.3,0.45,-5.0,82.9,0
292,42.6,144.0,32.8,67.0,0.79,6.93,78.8,0
293,41.2,65.9,,50.4,0.58,5.01,80.2,0
294,62.7,84.6,33.3,37.1,1.51,4.87,85.0,0
295,55.4,118.6,35.7,55.3,0.97,1.62,76.5,0
296,39.6,130.2,41.2,72.0,0.9,5.36,81.0,1
297,63.5,131.5,,76.7,1.27,2.14,80.9,0
298,54.6,110.2,27.4,,0.66,1.73,102.0,1
299,62.2,105.6,37.1,65.2,0.77,3.31,62.8,0
300,59.4,94.8,40.6,64.6,1.02,2.83,83.6,0
301,37.6,99.5,35.9,,1.31,3.56,98.8,0
302,41.6,66.2,39.5,58.4,1.15,1.12,86.0,0
303,61.2,59.5,44.1,80.0,1.07,5.92,91.0,0
304,59.2,79.9,39.1,48.7,1.02,6.26,85.8,0
305,49.7,75.7,35.2,79.4,1.12,0.11,79.7,0
306,51.8,68.7,39.2,56.1,1.06,5.96,67.1,0
307,69.2,97.4,34.7,75.9,0.69,2.38,86.6,0
308,41.1,103.9,34.1,43.1,1.01,5.71,78.8,0
309,58.2,82.2,32.2,67.0,0.68,3.86,78.6,0
310,47.0,116.9,41.8,51.2,1.02,,81.0,1
311,46.7,51.5,29.9,43.0,0.86,3.63,99.0,0
312,66.5,75.2,41.7,,1.76,6.42,104.2,1
313,62.4,62.1,36.5,,0.99,1.52,86.7,0
314,62.2,33.3,27.0,49.9,0.58,5.22,81.3,0
315,9999.0,77.9,35.8,42.0,0.96,6.2,75.6,0
316,50.3,77.0,23.5,58.9,1.16,5.43,88.7,0
317,60.2,117.8,37.1,59.0,1.5,8.65,99.3,1
318,45.3,95.8,38.4,66.6,0.82,,83.0,0
319,,54.4,31.0,71.4,0.53,,66.0,0
320,48.0,126.4,34.6,59.3,1.25,3.79,90.4,0
321,51.5,110.5,43.8,82.3,0.59,6.47,92.9,1
322,58.9,94.6,31.5,62.7,0.87,3.98,72.3,0
323,37.7,74.3,28.7,55.8,0.92,3.22,86.4,0
324,81.4,56.0,41.4,40.7,0.98,6.61,88.6,1
325,34.9,70.7,43.8,56.8,1.21,3.02,84.4,0
326,31.8,107.2,34.0,56.0,0.79,1.17,78.7,0
327,67.4,127.1,39.1,71.5,0.92,2.97,93.1,0
328,61.9,118.6,40.7,65.5,1.0,5.24,81.8,1
329,59.4,67.8,30.3,45.8,1.04,6.78,73.1,0
330,59.4,52.0,31.6,62.1,1.03,4.22,68.6,0
331,49.8,83.5,40.2,68.1,1.13,6.64,95.1,1
332,36.5,35.8,42.4,78.3,1.25,1.28,89.9,1
333,51.1,88.1,36.8,70.7,1.12,3.11,85.7,0
334,39.8,76.3,29.6,69.1,1.14,3.42,81.5,0
335,,,43.9,,0.53,3.77,80.8,0
336,9999.0,40.1,31.3,64.7,1.02,4.17,76.4,0
337,,92.8,32.3,75.0,1.14,5.38,81.5,0
338,45.2,66.7,35.7,44.0,1.22,3.11,68.0,0
339,56.2,50.8,41.8,55.8,0.79,4.28,79.1,0
340,,8.2,,50.7,0.8,3.91,82.5,0
341,37.7,79.3,36.1,64.5,0.83,,89.9,0
342,53.7,124.3,36.3,74.8,1.16,3.77,84.7,0
343,53.7,121.5,34.2,52.8,1.31,3.71,91.4,0
344,42.4,68.6,36.8,31.3,0.88,-5.0,95.8,0
345,42.9,64.9,21.4,55.1,1.27,4.06,93.5,0
346,53.5,,32.5,,1.04,4.15,88.8,0
347,28.3,55.0,35.2,,0.96,3.14,85.1,0
348,28.9,87.5,28.2,65.1,0.94,6.55,77.2,0
349,39.2,99.2,35.9,56.6,1.22,1.66,90.9,0
350,46.8,,33.0,44.7,1.1,2.56,98.4,1
351,54.7,77.5,42.8,66.2,1.68,9.56,87.7,1
352,72.1,74.9,41.9,50.0,0.74,,100.3,1
353,62.9,58.1,31.7,86.2,1.16,,72.8,0
354,47.6,59.3,33.2,66.8,0.84,,75.8,0
355,49.7,74.3,33.6,53.0,0.74,0.15,91.8,0
356,35.0,89.2,31.7,52.7,1.0,3.53,87.1,0
357,49.7,102.8,35.0,58.9,1.04,8.29,95.5,0
358,45.7,59.9,,57.1,1.88,0.91,84.9,1
359,54.8,,28.3,73.4,0.94,0.04,78.1,1
360,37.6,73.2,37.1,62.2,0.66,1.0,83.3,0
361,57.8,79.5,37.1,51.2,1.08,-5.0,72.7,0
362,73.0,61.3,30.0,82.7,0.38,6.25,76.0,0
363,48.4,19.4,38.5,60.6,0.97,2.97,92.8,0
364,56.0,,30.8,69.2,1.0,,92.0,0
365,60.4,98.4,35.3,52.7,1.24,6.78,87.9,0
366,44.0,73.0,38.1,64.4,1.29,,71.2,0
367,53.4,,33.8,63.7,0.85,3.51,82.1,0
368,,92.9,36.3,37.3,0.95,0.6,75.2,0
369,51.5,40.9,31.4,84.2,0.77,2.36,94.4,0
370,38.4,66.8,33.0,75.5,0.66,3.15,80.3,0
371,50.4,99.9,33.0,55.2,1.09,3.48,76.3,0
372,57.5,48.6,30.3,46.8,0.62,3.62,85.2,0
373,71.8,87.3,33.1,64.2,0.88,6.24,79.9,0
374,64.4,,26.3,61.0,0.7,6.55,96.9,0
375,,91.7,31.5,64.3,1.16,3.66,79.1,0
376,38.5,79.1,32.6,62.3,1.54,6.2,73.8,0
377,63.1,39.6,32.7,66.1,0.61,4.72,67.8,0
378,52.8,109.1,32.8,77.4,0.44,4.13,84.8,0
379,82.8,61.6,33.7,66.8,0.96,5.81,80.5,0
380,37.9,59.7,36.4,47.4,1.0,4.14,73.6,0
381,37.4,85.0,38.4,76.4,1.07,8.12,94.5,0
382,41.0,,30.8,79.7,0.87,1.12,90.3,0
383,18.1,54.6,28.0,97.8,0.94,2.97,84.8,0
384,42.1,81.5,28.8,46.5,1.11,3.75,95.9,0
385,38.6,90.7,31.6,62.9,1.31,4.88,90.3,0
386,52.3,97.3,32.2,35.0,0.41,6.54,78.4,0
387,55.1,84.4,30.2,66.6,0.89,3.95,76.7,0
388,78.1,70.8,27.5,53.4,1.06,1.16,91.5,1
389,64.3,59.3,31.7,83.1,0.72,5.69,88.2,0
390,41.3,82.2,34.9,50.7,1.52,5.51,86.4,0
391,36.5,53.2,37.0,39.7,0.81,,78.2,0
392,57.4,7.0,31.2,54.3,0.99,3.99,89.9,0
393,30.2,,31.9,36.3,1.17,0.82,79.0,0
394,77.5,102.6,29.4,69.0,0.82,2.67,84.2,0
395,67.7,20.9,33.8,35.2,0.45,2.19,96.6,0
396,43.0,54.8,29.8,60.3,0.87,5.62,79.7,0
397,24.3,95.5,36.9,35.1,1.31,4.23,72.4,0
398,70.3,131.4,25.1,56.2,0.9,1.43,76.6,1
399,48.3,80.5,32.2,79.7,0.75,5.76,93.0,0
400,,61.8,35.5,64.3,1.28,1.13,87.0,0
401,26.1,75.4,34.9,49.6,0.9,4.66,84.0,0
402,41.0,114.4,47.5,59.6,0.85,2.37,80.9,1
403,50.1,63.9,35.7,60.2,1.04,3.27,88.9,0
404,50.7,60.0,29.0,65.7,1.23,,78.2,0
405,43.2,67.9,33.5,43.6,1.71,5.04,87.4,0
406,59.3,56.2,,67.1,1.25,6.67,79.1,0
407,34.0,83.1,33.6,27.5,1.35,3.84,77.8,0
408,,120.6,29.8,52.4,0.85,4.61,79.9,0
409,51.8,88.1,38.6,54.1,0.69,3.12,82.0,0
410,57.7,73.7,31.3,67.6,1.02,4.36,84.6,0
411,60.7,72.7,33.4,60.3,1.03,4.88,86.9,0
412,33.1,40.9,30.8,,0.68,,55.5,0
413,27.0,102.1,42.7,48.2,0.95,0.39,78.5,1
414,69.2,,32.4,62.4,1.12,4.66,81.9,0
415,55.0,75.5,43.2,59.1,1.11,4.73,97.0,1
416,38.8,159.8,38.1,53.1,1.15,-5.0,76.4,0
417,73.3,,36.4,54.2,1.09,1.43,86.3,1
418,51.7,61.2,,68.4,0.85,6.95,97.0,0
419,67.7,69.3,36.0,53.8,0.85,4.98,74.5,0
420,51.0,108.7,24.4,58.9,0.64,3.54,88.2,0
421,80.9,82.8,32.6,86.0,1.54,1.73,78.6,0
422,76.3,44.0,38.2,42.9,1.0,2.36,81.0,0
423,46.3,103.0,33.8,37.8,0.93,6.61,78.6,0
424,64.6,63.3,27.0,69.4,0.72,4.28,79.1,0
425,59.7,126.8,33.7,51.9,1.88,2.9,106.8,1
426,70.5,107.0,42.5,56.2,0.68,5.02,91.8,1
427,35.5,,40.2,50.6,0.87,2.37,93.8,0
428,60.3,112.0,33.7,56.9,1.12,7.0,88.9,0
429,65.9,81.7,38.8,,1.18,6.71,72.1,0
430,23.6,101.3,32.2,69.6,1.29,3.07,88.2,0
431,32.3,92.1,25.5,70.3,1.54,,93.6,0
432,19.4,58.8,29.4,43.0,1.15,,78.2,0
433,46.0,63.9,41.8,46.2,0.68,1.04,92.7,1
434,60.8,105.7,32.6,25.9,0.92,1.32,90.6,0
435,72.5,71.6,32.8,50.3,1.09,4.27,99.8,1
436,51.1,69.9,32.5,71.5,1.62,3.35,81.7,0
437,74.4,56.1,43.5,66.2,0.58,1.31,76.2,1
438,29.3,90.6,42.1,57.3,1.36,3.44,82.1,0
439,24.4,131.6,45.1,59.7,1.05,5.01,96.5,1
440,49.2,53.3,33.2,51.7,1.25,5.06,70.4,0
441,55.8,80.6,35.5,62.5,0.97,0.2,68.5,0
442,49.5,115.3,26.4,69.2,0.75,3.74,85.7,0
443,19.0,78.0,41.4,40.6,1.23,1.23,81.5,1
444,48.7,,28.2,63.6,1.2,5.8,85.1,0
445,30.4,53.4,35.1,71.2,1.29,5.57,92.6,0
446,60.0,90.7,,55.0,1.0,2.2,80.6,0
447,55.5,75.3,31.1,68.4,0.82,2.47,70.0,0
448,35.9,104.6,29.8,93.8,0.53,3.08,101.4,0
449,42.3,109.7,,58.7,1.25,-5.0,77.0,0
450,34.1,144.7,31.3,64.7,1.13,4.67,76.5,0
451,49.1,94.5,31.3,51.1,0.71,3.45,93.8,0
452,64.3,88.1,38.2,62.2,0.84,5.94,81.9,0
453,35.2,84.9,28.5,65.5,0.86,1.8,84.5,0
454,57.6,71.2,35.1,62.3,0.56,2.76,88.9,0
455,42.0,,40.1,47.8,0.75,,93.7,1
456,38.1,72.6,31.4,62.5,0.66,,82.3,0
457,48.4,84.2,30.4,77.5,0.88,1.64,97.2,0
458,,112.9,32.8,65.4,0.78,5.99,67.9,0
459,41.7,54.8,39.9,71.5,0.51,2.6,91.1,0
460,,108.5,35.0,57.2,1.61,4.25,78.3,0
461,79.5,112.9,31.3,69.0,1.38,3.24,96.0,1
462,50.5,,36.4,63.4,0.77,1.46,86.1,0
463,39.5,27.0,28.5,48.6,1.08,3.66,79.6,0
464,53.2,64.8,37.4,63.8,1.13,5.2,90.3,0
465,48.3,112.4,36.0,48.1,1.36,1.58,92.1,0
466,46.7,79.4,32.5,52.4,0.75,5.62,90.1,0
467,59.2,55.0,29.8,62.3,1.33,2.3,76.8,0
468,61.4,67.4,29.6,63.6,0.84,3.03,81.1,0
469,42.0,101.0,36.7,45.7,0.6,5.06,85.0,0
470,41.4,93.7,40.1,72.6,1.22,2.67,84.7,0
471,45.9,74.0,30.8,66.9,1.39,4.08,91.0,0
472,15.5,70.8,36.3,51.5,1.78,3.37,68.9,0
473,27.3,70.2,23.6,41.5,0.64,4.26,87.7,0
474,70.5,56.9,31.1,58.3,1.21,0.76,82.7,1
475,,120.4,33.8,54.6,0.88,0.34,78.3,1
476,46.3,71.9,29.5,61.4,1.24,5.23,79.1,0
477,58.6,110.4,150.0,55.6,0.56,6.07,83.3,0
478,54.7,118.0,30.7,35.9,0.62,2.18,56.2,0
479,96.2,105.0,35.5,55.3,0.77,3.51,79.4,0
480,66.8,69.2,33.1,56.3,1.02,4.59,78.0,0
481,48.1,90.1,22.8,67.6,0.81,5.39,89.3,0
482,35.7,79.4,23.4,51.6,1.2,0.06,78.6,0
483,25.9,57.4,31.0,80.1,1.31,2.23,83.3,0
484,53.1,,36.3,37.1,1.18,3.33,97.3,0
485,38.7,50.5,20.3,75.7,1.49,5.41,93.0,0
486,28.7,109.7,31.5,,1.12,9.0,92.2,0
487,40.3,68.4,31.4,70.3,0.63,3.54,81.0,0
488,33.8,85.0,40.9,61.0,1.41,1.19,89.3,1
489,75.3,87.1,32.1,73.7,0.82,4.8,83.1,0
490,63.2,73.5,35.9,55.4,1.27,6.64,83.4,0
491,49.9,94.7,34.7,46.8,1.47,4.22,88.3,0
492,72.2,68.1,23.3,77.0,1.14,2.19,80.2,0
493,51.2,101.8,37.8,58.6,0.55,5.92,96.9,0
494,37.1,46.4,35.1,62.7,0.72,5.33,83.7,0
495,72.8,83.2,36.5,74.8,1.4,1.95,89.9,0
496,58.1,128.5,53.6,47.6,0.95,4.76,96.6,1
497,34.4,55.0,23.6,67.1,1.02,5.99,93.3,0
498,47.1,63.1,42.6,52.9,1.23,6.36,73.7,0
499,36.9,92.8,32.6,58.4,1.21,3.87,88.6,0
500,29.3,84.5,35.4,60.9,1.08,3.28,91.8,0
501,63.9,88.8,33.8,42.0,0.94,6.45,92.1,0
502,78.6,92.2,31.9,50.7,0.91,1.58,76.1,0
503,29.0,95.9,31.2,76.2,1.26,4.88,79.7,0
504,58.4,107.7,35.6,70.6,1.17,1.26,93.0,0
505,40.2,90.2,26.4,59.2,0.92,6.13,78.9,0
506,42.7,74.0,37.8,62.9,1.32,,82.6,0
507,41.1,96.8,31.9,56.5,0.96,6.54,97.6,0
508,37.0,127.5,28.3,76.3,0.74,4.98,84.6,0
509,50.7,,31.7,57.6,0.77,1.55,79.2,0
510,37.5,55.6,40.3,62.8,0.71,6.85,78.0,0
511,54.1,107.7,31.3,,0.92,7.1,87.7,0
512,49.2,77.0,35.8,50.7,1.37,5.76,74.3,0
513,46.4,25.7,30.3,78.7,0.76,2.48,83.0,0
514,36.4,101.2,37.8,41.6,1.06,3.39,87.7,0
515,41.3,66.6,37.4,79.6,0.8,4.29,95.4,0
516,61.3,77.7,43.2,55.5,0.92,2.59,90.3,0
517,57.5,88.3,33.1,57.1,0.55,7.38,79.3,0
518,35.3,84.8,37.3,37.3,0.93,4.29,94.4,0
519,51.5,97.7,34.5,54.5,0.94,1.41,82.6,0
520,61.3,69.1,40.5,47.5,1.16,4.68,75.1,0
521,25.0,92.8,30.4,52.7,1.07,3.3,83.6,0
522,58.2,73.5,37.7,58.4,0.64,3.85,96.5,0
523,40.1,98.5,,71.5,1.33,3.26,86.3,0
524,58.6,95.4,33.7,62.5,1.06,5.61,85.1,0
525,38.6,56.6,,63.7,1.06,6.24,98.1,0
526,22.9,107.1,35.3,46.9,1.0,4.57,73.5,0
527,25.6,66.6,33.4,49.4,0.84,3.32,74.7,0
528,50.7,100.2,35.1,81.6,1.07,3.92,72.1,0
529,53.9,89.2,41.9,51.2,1.14,4.04,88.0,0
530,36.4,,38.9,,0.48,2.4,86.3,0
531,59.6,74.4,38.3,57.1,0.84,5.16,97.3,0
532,,71.3,31.7,60.0,0.92,4.92,86.9,0
533,49.0,79.5,29.6,72.8,1.08,7.08,81.8,0
534,31.8,72.4,38.8,75.3,1.36,6.51,85.0,0
535,40.2,100.0,38.4,58.7,0.77,2.63,85.9,0
536,50.7,39.6,41.4,55.3,0.85,5.64,71.6,0
537,37.1,53.7,31.0,59.3,0.85,,106.7,0
538,9999.0,53.3,32.9,64.1,0.76,5.39,89.2,0
539,65.1,103.8,25.8,70.7,0.9,2.97,86.7,0
540,41.3,122.8,32.0,60.1,1.23,1.95,89.9,0
541,62.5,77.4,39.0,67.4,0.68,4.56,90.7,0
542,33.1,75.8,31.7,79.7,1.13,1.35,83.9,0
543,57.9,81.8,37.2,,0.49,0.5,80.0,0
544,71.6,109.0,33.0,63.7,0.83,3.65,89.8,0
545,,56.8,,41.8,0.9,4.16,88.1,0
546,38.0,86.0,28.3,28.4,1.5,3.26,78.5,0
547,58.7,104.4,34.4,64.7,0.92,0.84,96.4,1
548,47.0,92.5,19.0,58.9,0.34,2.36,87.3,0
549,55.6,84.7,33.1,53.8,0.4,4.78,90.8,0
550,40.9,105.0,25.8,62.9,1.01,5.16,96.1,0
551,51.3,12.4,40.0,59.3,1.18,,85.2,0
552,47.7,96.9,37.9,,1.11,6.31,87.5,0
553,67.5,63.6,36.3,61.0,1.05,4.79,91.5,0
554,53.8,34.2,41.6,51.0,1.35,2.51,79.2,0
555,55.1,92.8,29.3,71.9,0.84,3.44,85.4,0
556,43.8,114.3,42.7,57.4,1.27,1.19,86.0,1
557,42.7,76.6,38.7,66.3,0.51,3.78,77.4,0
558,,103.8,32.8,54.3,0.73,6.22,103.5,0
559,55.9,120.3,39.7,52.2,0.46,5.37,73.7,0
560,43.7,112.9,28.5,61.0,0.92,6.8,74.6,0
561,54.3,121.0,29.9,60.2,0.99,3.39,95.5,1
562,81.1,98.6,31.0,65.8,1.03,6.69,90.7,0
563,63.1,81.9,31.4,56.8,1.02,,76.8,0
564,45.1,40.0,28.7,38.0,0.72,6.94,89.9,0
565,68.0,73.8,,54.8,0.94,3.96,96.7,1
566,,58.9,32.7,69.5,0.55,5.41,84.8,0
567,19.4,134.3,35.8,56.4,1.41,6.95,105.8,1
568,34.9,75.6,31.1,57.0,0.91,3.61,71.2,0
569,21.9,83.1,24.9,,0.85,4.44,90.6,0
570,44.7,93.8,35.4,51.5,1.48,6.58,94.3,0
571,50.3,81.1,24.4,41.5,0.63,3.73,92.1,0
572,75.1,122.4,33.7,58.1,0.66,1.36,83.4,1
573,54.9,64.4,27.2,54.2,0.67,8.29,82.7,0
574,46.7,84.9,43.9,48.4,0.98,3.06,88.6,0
575,62.4,61.4,38.6,57.9,1.13,4.32,91.5,0
576,16.8,47.0,34.5,65.9,1.22,6.31,89.8,0
577,53.5,64.7,40.3,59.9,1.77,2.78,93.3,1
578,61.6,79.1,29.8,63.7,0.33,1.98,76.8,0
579,27.8,69.3,36.7,81.8,1.18,4.51,83.2,0
580,67.2,62.7,35.0,55.9,0.83,0.41,77.5,0
581,55.1,44.8,35.3,63.3,0.82,3.42,81.9,0
582,43.8,77.9,40.4,53.9,0.81,4.49,93.1,0
583,59.5,42.4,37.7,49.8,0.73,3.46,85.9,0
584,84.1,99.0,35.4,53.0,1.51,0.91,105.9,1
585,52.7,82.1,25.7,54.3,1.25,7.19,86.5,0
586,53.7,,29.2,64.3,1.01,4.21,85.5,0
587,43.1,72.3,33.4,88.2,1.41,6.86,85.8,0
588,37.3,61.2,34.5,51.4,0.55,3.48,79.9,0
589,62.5,88.0,,,0.6,2.24,84.5,0
590,37.2,,46.1,,0.35,4.54,94.0,1
591,51.1,33.1,41.6,64.7,0.79,3.57,85.9,0
592,42.8,82.9,37.0,63.2,1.05,1.64,78.7,0
593,57.2,76.0,34.4,,1.03,6.94,77.6,0
594,55.0,96.8,,30.9,1.04,2.76,81.4,0
595,,85.3,29.2,31.4,0.58,0.32,85.6,0
596,42.3,61.2,34.4,54.0,1.24,6.66,94.5,0
597,46.0,72.0,35.3,73.2,1.07,2.99,74.3,0
598,35.3,60.1,27.8,41.2,1.22,2.78,82.4,0
599,43.3,,35.7,23.9,0.43,0.47,86.2,0
600,55.7,80.5,33.2,66.9,1.09,7.48,70.3,0
601,61.4,127.5,24.5,62.9,0.64,1.42,78.3,1
602,36.2,78.5,29.7,46.9,0.88,4.12,79.6,0
603,63.0,62.3,31.9,48.2,1.16,,78.6,0
604,70.3,42.2,43.4,48.4,1.03,4.84,86.5,1
605,56.2,34.9,36.8,61.3,0.74,3.88,83.7,0
606,78.2,40.4,27.3,52.5,1.0,0.6,80.6,1
607,38.4,86.7,36.4,65.9,0.54,2.38,88.4,0
608,31.3,92.7,26.3,25.7,1.35,,98.8,0
609,23.3,40.5,39.4,49.7,0.94,2.43,98.1,0
610,72.4,102.4,31.6,46.5,1.34,4.41,69.6,0
611,59.8,67.9,33.5,56.9,0.84,5.36,89.6,0
612,49.2,83.7,40.6,,0.84,,83.6,0
613,54.2,120.3,27.6,69.6,0.77,1.55,86.2,0
614,33.1,102.4,27.0,37.7,1.26,8.39,81.8,0
615,86.7,73.3,,60.5,0.79,5.53,85.9,0
616,51.9,57.7,39.2,66.7,1.19,4.0,86.2,0
617,51.6,26.2,26.4,82.3,0.89,6.18,80.4,0
618,60.9,62.0,19.8,54.2,0.41,8.73,77.8,0
619,57.2,74.7,31.7,63.9,0.83,1.12,81.4,0
620,53.4,55.3,36.8,38.4,0.65,-5.0,86.9,0
621,,76.7,40.0,31.3,1.01,0.76,89.8,0
622,57.1,81.9,31.7,70.1,0.64,4.39,91.8,0
623,78.2,74.4,31.9,59.9,1.28,,81.0,0
624,70.2,63.7,39.8,74.1,0.97,3.92,87.3,0
625,73.9,84.2,24.7,43.5,0.95,2.69,92.7,0
626,42.3,91.0,32.1,66.2,1.2,0.1,94.3,0
627,35.2,52.7,35.0,82.4,1.29,4.75,84.5,0
628,48.1,115.3,36.2,65.0,0.99,6.91,83.2,0
629,50.8,77.5,31.5,63.3,0.77,2.82,86.5,0
630,66.4,80.5,34.2,60.1,0.47,4.88,75.8,0
631,24.6,97.7,21.6,41.1,0.79,0.86,83.5,0
632,72.9,85.8,30.7,76.3,0.81,4.91,91.0,0
633,47.6,103.8,36.3,52.7,1.03,3.21,90.1,0
634,43.6,87.2,29.1,66.1,0.9,2.48,82.8,0
635,34.8,64.7,34.3,41.2,1.21,2.48,86.7,0
636,25.2,89.0,36.2,45.8,0.82,3.21,78.4,0
637,9999.0,51.4,32.3,77.2,0.98,4.76,90.6,0
638,51.1,82.7,34.9,55.8,1.36,1.38,84.4,0
639,30.7,79.2,29.2,77.4,1.1,3.21,82.8,0
640,30.6,74.8,33.0,59.1,0.98,3.92,82.1,0
641,45.0,76.8,37.1,37.9,0.82,1.8,84.5,0
642,75.0,33.0,34.8,70.7,0.81,7.59,81.4,0
643,46.1,66.3,31.1,52.9,0.74,2.29,90.3,0
644,27.5,82.3,35.1,68.4,0.84,2.66,81.8,0
645,46.3,84.0,37.6,60.3,1.23,2.04,97.7,0
646,45.9,54.3,23.8,41.5,0.93,7.6,96.7,0
647,9.5,111.6,39.8,62.0,0.6,5.11,77.9,0
648,49.2,58.3,32.3,86.4,1.53,,85.6,0
649,46.5,104.2,36.1,65.9,1.1,6.21,79.8,0
650,60.4,90.7,40.0,59.3,0.58,4.4,82.4,0
651,77.7,63.8,27.1,72.9,0.87,4.51,101.0,1
652,66.9,124.4,30.5,62.5,1.03,3.31,82.5,0
653,46.0,50.2,32.6,62.5,1.51,2.5,87.9,0
654,,103.0,30.1,46.9,0.67,4.68,89.3,0
655,88.6,105.0,42.7,62.8,1.29,2.91,77.0,1
656,50.9,63.2,29.7,72.4,1.42,7.63,78.2,0
657,50.2,114.8,31.2,50.0,0.81,1.46,75.4,1
658,49.6,,35.0,77.1,0.92,7.07,77.9,0
659,53.0,87.2,28.0,58.9,0.69,3.78,62.2,0
660,47.8,86.5,32.0,49.3,0.94,4.6,89.4,0
661,41.4,76.6,35.6,72.0,0.99,5.67,101.4,0
662,41.8,100.3,32.3,56.6,1.2,2.74,86.2,0
663,49.5,99.8,33.5,69.1,1.33,5.73,73.7,0
664,41.8,36.3,,56.5,0.78,1.42,79.9,0
665,9999.0,112.6,26.4,59.3,0.41,2.56,81.3,0
666,51.6,38.4,35.6,65.9,0.99,2.15,76.9,0
667,46.2,105.8,42.8,63.5,1.09,1.49,91.9,1
668,72.6,108.2,,36.1,1.07,3.57,91.5,0
669,,52.7,35.1,46.5,0.9,4.77,75.8,0
670,,69.7,37.5,71.2,1.04,5.41,90.8,0
671,68.7,52.4,27.7,58.4,1.45,4.48,97.2,0
672,18.9,74.6,42.5,53.7,1.11,2.67,100.2,1
673,44.9,72.3,35.0,43.7,0.89,4.74,107.9,0
674,44.4,99.5,42.2,47.0,0.85,4.25,77.8,0
675,28.9,112.8,30.3,35.7,0.95,5.87,107.6,1
676,38.3,114.9,43.1,58.8,1.49,5.55,82.2,1
677,33.3,65.9,37.9,52.8,0.95,4.06,80.3,0
678,76.3,74.8,36.8,48.4,0.99,2.21,87.6,0
679,64.0,37.9,35.2,59.2,0.86,2.69,80.3,0
680,69.1,59.9,32.8,64.4,1.33,2.9,88.2,0
681,60.8,104.1,40.0,85.1,1.59,3.37,74.4,0
682,,120.4,34.7,41.9,1.14,4.54,83.1,0
683,42.1,49.1,24.2,73.9,1.02,5.43,95.3,0
684,9999.0,65.2,150.0,71.7,1.01,3.9,84.5,0
685,31.7,79.3,33.1,50.7,0.28,4.03,86.1,0
686,60.7,87.0,,62.4,1.22,,88.8,0
687,46.4,59.8,33.7,54.5,1.04,2.97,94.4,0
688,44.4,90.6,40.1,62.2,1.13,2.15,71.8,0
689,60.7,68.2,24.2,,0.79,0.49,89.7,0
690,56.7,79.6,34.7,67.3,0.88,2.61,82.9,0
691,44.6,93.7,24.9,66.1,0.88,4.95,86.3,0
692,67.4,80.2,37.8,54.8,1.31,2.59,93.5,0
693,33.8,69.1,33.5,42.2,0.89,3.52,75.4,0
694,59.2,,36.1,57.5,1.62,4.93,76.9,0
695,,77.8,29.7,74.5,1.13,5.04,69.5,0
696,45.4,70.7,40.4,41.7,0.62,1.84,80.6,0
697,54.9,73.5,39.2,47.3,0.96,5.99,95.6,0
698,31.2,120.0,36.9,,0.8,6.25,84.0,0
699,63.9,94.0,33.4,48.2,0.34,1.74,74.3,0
700,47.2,72.6,36.9,50.5,1.48,2.35,81.1,0
701,42.2,97.4,30.5,54.9,1.21,6.38,73.1,0
702,65.7,71.7,38.3,43.6,1.16,3.71,76.0,0
703,39.4,109.3,42.2,48.3,1.05,0.44,88.1,1
704,28.9,89.2,39.4,68.4,0.59,1.2,75.6,0
705,26.7,77.3,30.4,44.3,0.85,3.5,93.9,0
706,59.1,91.2,35.8,40.8,1.25,1.67,84.4,0
707,30.8,40.7,27.5,52.4,0.68,3.17,85.7,0
708,76.3,51.8,36.9,68.8,0.24,4.06,82.8,0
709,18.8,50.2,36.3,57.6,0.93,6.92,91.2,0
710,75.4,83.6,24.7,54.4,0.96,3.42,91.3,0
711,53.2,123.3,28.2,60.5,1.04,6.15,87.7,0
712,48.5,135.8,32.6,39.1,1.22,6.86,89.5,0
713,41.8,96.0,32.5,65.9,1.19,6.87,83.3,0
714,56.0,92.5,28.0,64.6,1.08,4.57,89.3,0
715,49.4,35.0,35.9,55.1,1.36,,82.3,0
716,66.5,66.4,35.3,72.1,0.54,4.92,85.0,0
717,51.7,60.3,33.0,46.5,1.15,6.1,82.8,0
718,52.3,64.5,,73.5,1.19,3.84,81.3,0
719,44.5,75.8,39.2,61.9,0.63,7.49,79.5,0
720,49.1,68.2,42.3,56.0,0.55,5.72,88.7,0
721,54.6,30.5,31.6,,0.78,,95.5,0
722,,98.7,30.9,58.7,0.8,6.17,94.4,0
723,29.8,53.2,36.5,74.6,1.23,4.67,74.9,0
724,61.1,86.0,,47.1,0.82,0.99,95.3,1
725,52.6,131.9,33.3,50.8,0.74,,82.5,0
726,47.2,57.0,37.7,72.4,0.82,6.39,89.8,0
727,50.3,,24.5,52.9,1.34,2.38,77.8,0
728,55.2,72.8,,70.8,1.0,3.55,86.1,0
729,41.9,107.5,34.4,80.4,0.95,1.91,87.5,0
730,38.3,129.0,31.9,55.2,0.97,7.57,73.1,0
731,52.9,49.3,33.6,68.2,1.39,7.36,89.9,0
732,35.3,92.4,33.8,46.2,0.78,2.23,95.8,0
733,56.1,68.4,25.3,69.1,1.39,4.29,83.6,0
734,24.5,77.4,41.5,62.4,1.06,2.64,95.9,1
735,65.4,146.1,34.2,65.7,0.95,5.23,83.5,0
736,57.1,42.4,36.2,52.3,1.75,5.02,91.8,0
737,53.8,86.3,38.8,40.1,0.68,,67.3,0
738,64.7,91.7,28.9,66.0,0.89,4.66,104.4,0
739,75.0,107.1,36.4,35.2,0.63,9.87,97.0,1
740,65.2,82.4,32.7,56.2,1.29,1.94,82.7,0
741,22.4,,38.2,71.3,1.51,0.58,69.2,0
742,30.8,70.2,150.0,62.3,1.5,,87.3,0
743,40.6,86.7,33.5,83.4,1.37,0.86,73.4,0
744,50.4,71.4,31.0,72.3,0.94,1.02,88.6,0
745,57.8,95.5,36.2,52.2,0.89,2.0,88.3,0
746,39.1,70.8,36.4,60.3,0.5,2.16,77.5,0
747,52.8,89.4,30.5,59.4,1.61,2.09,94.0,0
748,38.7,79.3,30.4,41.0,1.14,5.04,91.4,0
749,40.8,108.2,33.4,48.7,0.85,2.99,92.8,0
750,28.9,78.7,29.5,53.3,1.4,3.64,85.1,0
751,,35.7,38.2,35.6,0.71,5.79,73.7,0
752,29.7,111.5,32.2,60.6,1.12,2.47,92.8,0
753,35.4,57.4,19.5,57.0,0.95,3.47,82.8,0
754,65.8,63.7,32.1,39.9,1.19,4.73,73.9,0
755,35.8,65.1,28.8,64.9,0.98,0.12,95.8,1
756,89.5,114.4,25.8,68.6,0.56,0.77,101.8,1
757,,26.6,27.8,62.7,1.02,4.69,84.7,0
758,52.8,158.4,34.5,56.1,1.31,4.98,102.3,1
759,37.1,,40.6,67.1,0.99,8.13,85.7,0
760,60.5,85.6,35.6,68.2,1.23,4.32,82.0,0
761,41.4,78.6,31.0,63.7,0.69,5.64,80.0,0
762,51.8,87.1,36.3,50.1,0.99,3.61,98.1,0
763,88.4,93.0,,63.3,0.81,4.59,78.8,0
764,48.6,96.1,30.5,74.3,1.22,7.33,90.9,0
765,67.2,93.9,28.2,52.8,1.01,0.25,80.5,0
766,39.5,82.2,25.2,85.2,1.21,4.83,81.3,0
767,49.5,75.1,32.1,53.7,1.33,8.27,93.2,0
768,76.6,76.2,34.8,60.4,1.21,4.56,82.0,0
769,40.6,75.1,33.5,51.9,1.08,7.3,81.8,0
770,77.2,108.3,31.9,62.7,0.7,2.74,94.1,0
771,60.6,94.8,29.3,39.1,1.0,3.94,97.8,0
772,41.6,6.5,37.0,53.4,0.84,4.07,90.2,0
773,59.5,96.4,27.4,46.9,0.9,0.44,79.8,0
774,64.6,84.9,37.9,,0.89,1.66,80.9,0
775,59.3,79.5,29.0,71.9,0.71,1.81,85.6,0
776,26.4,70.3,30.2,67.8,0.41,5.64,87.6,0
777,39.1,108.1,26.7,31.5,0.8,5.74,77.1,0
778,46.3,103.7,31.5,84.5,1.06,4.65,90.8,0
779,48.9,,38.9,63.5,0.6,5.65,85.7,0
780,59.3,90.2,36.6,50.7,1.0,3.67,71.3,0
781,52.7,55.7,38.9,61.9,1.57,6.4,77.6,0
782,,45.5,36.6,62.1,1.31,4.02,81.0,0
783,55.7,64.3,28.5,52.0,1.49,4.12,84.4,0
784,59.2,101.6,32.3,62.4,1.12,3.47,100.1,0
785,58.4,103.8,30.1,52.7,1.35,5.37,86.9,0
786,,92.8,40.7,55.1,0.78,3.16,78.3,0
787,62.5,98.1,28.0,51.8,0.81,5.95,86.8,0
788,56.9,92.9,,42.8,0.18,1.74,82.2,0
789,48.9,64.0,38.5,61.8,1.36,1.8,87.6,0
790,25.1,90.8,43.1,67.0,1.46,5.37,89.6,0
791,56.4,100.0,32.0,66.2,0.83,3.82,94.7,0
792,53.1,98.9,37.6,69.8,0.92,3.09,84.8,0
793,54.1,109.7,45.4,63.9,0.77,5.78,98.1,1
794,30.8,97.7,30.9,53.6,1.11,2.79,92.3,0
795,33.8,88.8,26.3,70.1,1.34,3.6,79.3,0
796,65.8,106.8,24.6,43.7,0.48,,102.7,0
797,49.4,79.3,37.6,49.2,1.12,,87.6,0
798,60.2,58.0,24.6,48.4,0.92,7.14,78.3,0
799,50.4,75.9,,73.0,1.03,3.44,98.2,0
800,50.4,61.4,36.2,71.3,1.14,6.46,101.6,0
801,64.1,,34.9,65.8,0.94,2.1,84.7,0
802,42.3,76.4,36.1,72.9,0.97,2.19,81.0,0
803,51.4,60.2,35.1,49.4,0.94,0.7,83.6,0
804,43.1,72.3,40.4,64.2,1.29,7.35,90.7,0
805,43.5,32.7,29.2,58.5,1.13,2.27,95.2,0
806,45.4,85.3,30.6,70.2,1.07,3.75,89.6,0
807,53.3,80.0,30.1,58.6,0.62,-5.0,85.8,0
808,42.8,59.6,38.2,55.4,0.89,5.39,97.0,0
809,68.8,96.5,38.5,66.5,1.27,3.25,82.5,0
810,36.6,103.4,36.3,70.5,1.01,1.39,93.2,0
811,,,39.9,52.0,1.2,4.88,82.7,0
812,43.4,60.9,28.1,59.3,1.53,1.13,88.4,0
813,,60.8,42.3,47.3,1.31,2.33,84.1,1
814,52.9,56.5,41.6,30.0,1.03,0.21,84.6,1
815,65.5,100.7,37.7,62.4,0.85,1.15,82.0,0
816,27.7,75.2,42.9,67.3,0.23,4.36,95.8,1
817,54.0,73.4,25.7,63.1,0.95,0.07,79.1,0
818,9999.0,29.9,31.4,36.6,0.9,1.04,79.1,0
819,51.2,95.9,30.3,55.8,1.12,4.0,102.0,0
820,66.0,49.0,37.6,33.4,0.95,2.91,92.8,0
821,42.2,81.5,28.7,76.4,0.9,7.98,65.9,0
822,71.1,86.9,37.8,47.0,0.47,7.67,80.5,0
823,84.5,114.0,40.9,75.1,0.72,-5.0,70.5,1
824,44.6,47.3,37.5,71.4,1.14,5.11,77.4,0
825,43.3,4.5,35.4,49.2,1.51,5.5,59.9,0
826,71.8,84.6,29.1,46.4,0.97,2.81,83.9,0
827,73.7,125.0,29.8,,1.1,1.01,75.9,1
828,42.2,111.0,40.2,49.9,1.29,3.98,85.5,1
829,43.7,85.2,37.9,61.2,0.76,3.65,72.0,0
830,45.8,67.7,33.8,54.2,1.11,3.13,85.7,0
831,,100.2,31.9,38.6,0.78,4.88,81.7,0
832,36.2,55.7,,33.2,1.26,2.5,97.0,0
833,34.9,91.9,28.6,,1.05,1.7,96.3,0
834,38.5,92.6,43.6,53.3,1.09,4.22,91.3,0
835,49.5,106.5,27.6,53.4,0.77,4.77,82.4,0
836,53.5,149.0,34.9,68.4,1.21,1.65,100.9,1
837,73.3,89.8,39.0,74.1,1.63,,72.6,1
838,35.0,67.3,27.7,56.7,0.7,0.46,73.8,0
839,9999.0,79.4,34.9,55.9,0.9,2.84,84.3,0
840,46.8,,38.7,66.0,1.07,3.48,103.0,0
841,49.3,,34.1,43.7,1.24,2.73,83.4,0
842,,69.8,48.3,62.7,0.83,2.87,83.5,0
843,33.2,66.9,25.7,66.6,0.15,7.74,73.5,0
844,55.7,83.8,39.3,68.2,1.41,2.3,92.6,0
845,52.5,59.4,33.1,36.8,1.23,8.88,92.6,0
846,57.4,108.0,37.9,50.9,0.48,4.87,91.3,0
847,54.3,80.0,,49.5,0.82,4.18,80.0,0
848,86.8,79.8,,61.2,1.47,4.95,79.3,0
849,40.4,71.8,35.1,65.8,1.43,9.06,74.7,0
850,42.0,83.9,24.7,78.0,1.28,2.01,85.7,0
851,40.7,100.6,37.0,54.1,0.95,1.76,76.4,0
852,41.7,58.3,35.5,54.0,1.02,2.49,75.6,0
853,40.4,63.5,37.2,73.8,0.96,4.06,81.6,0
854,67.8,72.4,39.3,63.6,1.34,0.55,81.1,0
855,71.3,46.4,35.8,75.2,0.74,4.04,80.7,0
856,41.4,59.5,34.7,63.5,0.76,7.39,88.7,0
857,37.5,68.1,29.6,46.1,1.3,4.3,85.6,0
858,57.1,101.9,30.4,44.0,0.99,,82.7,0
859,41.7,,39.9,41.4,1.41,2.76,86.5,0
860,59.5,84.8,41.2,67.9,0.8,5.8,77.1,0
861,53.0,101.3,32.8,74.3,0.98,2.35,85.8,0
862,27.3,76.6,34.2,82.2,0.72,7.69,86.2,0
863,73.2,89.8,29.5,70.1,1.0,7.87,73.0,0
864,76.9,77.4,39.9,74.0,0.56,4.51,93.0,0
865,40.8,86.6,37.3,53.0,0.85,3.98,77.9,0
866,44.2,65.4,,46.1,0.57,6.06,85.7,0
867,54.3,19.0,29.6,70.2,1.21,6.19,94.3,0
868,55.0,76.6,32.1,65.0,1.21,2.39,92.4,0
869,59.9,115.6,35.2,61.3,0.48,2.95,85.3,0
870,80.2,103.2,37.2,64.6,1.4,1.36,82.1,1
871,47.3,104.1,32.9,63.9,1.75,4.82,92.6,0
872,38.0,110.9,29.6,,1.01,5.33,90.4,0
873,29.3,82.2,38.4,75.5,0.81,,80.1,0
874,39.0,84.9,37.6,66.5,1.85,3.09,78.6,0
875,49.5,64.6,29.4,,0.6,1.31,68.4,0
876,76.9,72.1,40.8,66.2,1.01,2.2,86.2,1
877,42.2,95.4,39.9,54.5,1.05,5.1,84.3,0
878,53.4,110.1,34.7,69.1,1.4,2.53,94.1,0
879,49.8,76.5,34.4,43.3,1.11,3.4,87.9,0
880,67.8,68.7,36.8,72.6,0.85,,95.7,1
881,87.9,,29.7,45.7,0.71,4.37,79.4,0
882,42.0,95.0,34.2,63.4,0.9,3.91,94.1,0
883,42.7,43.9,23.2,49.9,0.7,2.54,80.8,0
884,65.7,22.6,38.4,66.6,1.01,3.62,91.2,0
885,60.2,66.2,26.2,,0.83,4.36,73.3,0
886,77.7,49.5,41.5,40.9,0.55,2.37,86.9,1
887,58.8,67.3,32.3,65.0,1.38,1.05,69.1,0
888,,,32.9,53.1,0.85,7.61,82.9,0
889,58.9,68.7,30.9,,0.62,,88.5,0
890,66.6,116.3,32.6,60.0,0.95,3.81,80.8,0
891,62.3,88.2,41.1,64.7,1.02,,76.6,0
892,57.6,87.5,21.6,48.5,0.48,11.06,91.8,0
893,66.0,95.6,40.4,52.9,1.1,1.51,84.2,0
894,67.5,51.5,,54.5,0.69,4.9,81.1,0
895,70.7,,28.0,70.3,1.51,2.58,85.3,0
896,59.7,,28.6,80.1,1.16,2.92,106.1,0
897,47.5,96.8,42.4,50.3,0.88,2.56,94.2,0
898,52.2,53.2,29.3,72.9,0.78,1.75,94.3,0
899,68.1,41.2,28.2,34.0,0.97,3.92,88.5,0
900,37.7,100.4,39.7,45.7,1.18,1.05,86.3,0
901,55.5,89.4,35.7,48.5,0.99,5.89,65.8,0
902,44.1,57.4,29.3,43.8,0.93,4.11,79.6,0
903,50.4,58.3,35.1,41.0,1.02,4.84,81.2,0
904,69.2,108.1,28.9,65.0,0.82,3.07,70.0,0
905,52.9,50.3,39.5,57.4,0.9,3.27,75.7,0
906,50.7,121.1,39.3,64.6,0.37,4.58,69.2,0
907,29.6,57.5,36.7,68.3,1.29,1.67,84.7,0
908,61.2,96.0,150.0,63.2,1.09,3.28,91.6,0
909,59.7,71.8,42.8,67.9,0.77,2.28,93.9,0
910,82.4,95.1,34.0,59.2,1.57,,88.3,0
911,45.4,66.4,150.0,45.8,1.03,0.22,77.3,0
912,53.3,75.9,,72.7,0.69,6.68,69.5,0
913,53.7,81.0,44.4,52.9,1.26,2.63,70.9,0
914,73.7,54.9,28.9,48.8,1.12,6.33,74.8,0
915,48.6,98.5,32.2,57.9,1.12,6.14,77.9,0
916,54.2,67.2,36.1,49.0,0.87,1.43,83.7,0
917,59.1,74.3,33.7,55.0,1.14,1.82,76.9,0
918,52.8,55.1,29.1,64.1,0.92,9.12,87.7,0
919,43.3,15.9,39.6,64.2,1.17,7.5,83.1,0
920,52.9,75.2,,49.2,0.43,3.94,85.1,0
921,66.1,140.3,35.0,54.1,0.87,4.51,94.1,0
922,34.6,99.6,,72.9,1.52,2.74,75.6,0
923,52.0,79.5,26.3,66.0,0.77,4.86,88.3,0
924,39.5,73.4,35.3,,0.82,2.57,84.9,0
925,67.9,80.6,39.5,74.2,0.87,0.06,82.3,0
926,,93.7,36.4,73.7,0.64,1.36,92.1,0
927,41.6,50.5,34.0,43.3,0.34,4.04,92.0,0
928,55.7,107.9,31.1,69.2,0.93,1.74,77.4,0
929,73.5,97.9,28.5,59.4,1.04,3.87,83.5,0
930,49.0,98.0,38.2,53.4,0.98,1.85,87.2,0
931,41.7,91.0,38.6,62.0,0.96,2.44,82.8,0
932,78.2,80.5,26.3,71.3,1.01,5.71,89.7,0
933,28.3,96.8,41.9,66.0,1.31,4.49,87.2,0
934,17.0,94.8,36.9,49.5,0.94,3.98,99.7,0
935,56.6,71.1,41.0,68.9,0.83,5.76,72.8,0
936,42.5,65.7,27.3,52.3,0.92,4.96,84.0,0
937,34.7,82.5,27.2,62.6,1.17,6.89,77.7,0
938,60.6,118.7,33.3,56.4,1.42,3.08,89.8,0
939,53.7,49.0,36.5,57.4,0.81,3.14,72.1,0
940,41.5,43.3,43.0,69.2,1.03,1.4,87.8,1
941,30.8,84.1,37.5,47.5,1.1,3.14,80.0,0
942,63.1,,32.8,83.3,0.7,5.93,79.1,0
943,59.8,84.3,28.9,38.1,1.01,6.6,73.4,0
944,,86.1,40.2,52.8,0.56,5.92,81.3,0
945,77.7,74.4,29.2,64.4,0.47,0.41,93.7,1
946,33.9,117.2,42.1,67.0,1.11,6.17,84.8,1
947,27.1,40.0,32.6,58.8,0.88,0.32,90.0,0
948,39.6,59.3,42.0,59.3,1.06,5.8,98.3,1
949,49.3,77.4,37.4,64.9,0.99,3.26,87.1,0
950,53.7,38.9,,57.2,0.71,5.41,80.5,0
951,46.4,75.6,31.4,76.7,0.99,1.34,88.7,0
952,55.3,121.5,32.3,70.1,0.63,6.34,80.6,0
953,31.2,80.5,36.1,70.5,1.42,1.07,81.0,0
954,71.7,85.8,34.4,48.4,0.59,2.66,72.8,0
955,48.8,48.5,31.0,59.0,0.94,2.0,92.4,0
956,66.8,64.6,33.2,56.4,0.69,0.49,81.9,0
957,55.1,70.6,34.4,47.9,1.17,4.19,86.5,0
958,56.9,72.1,,64.3,0.9,7.61,76.7,0
959,58.5,112.0,36.3,53.5,0.84,9.33,88.5,0
960,56.7,93.9,29.1,67.9,1.26,4.19,78.9,0
961,59.6,52.2,28.2,47.2,1.01,6.23,83.9,0
962,69.9,86.2,25.6,80.6,1.15,4.46,92.0,0
963,52.9,92.5,25.0,49.2,0.71,5.0,91.3,0
964,60.6,108.5,27.2,62.6,0.58,3.32,84.8,0
965,48.7,119.5,30.5,69.5,1.03,4.39,70.9,0
966,71.6,54.6,43.8,53.2,0.9,5.07,108.9,1
967,39.9,,31.4,70.2,1.19,2.84,99.0,0
968,77.0,48.6,34.9,45.2,0.98,3.85,90.8,0
969,49.4,74.1,36.0,77.4,1.06,3.88,79.0,0
970,,91.7,34.7,60.2,0.51,5.65,84.1,0
971,51.9,104.7,,52.8,1.57,1.87,80.7,0
972,39.8,78.1,28.0,56.4,0.95,3.9,95.1,0
973,62.6,72.0,41.3,69.7,1.21,7.82,87.1,0
974,40.2,83.8,43.0,53.0,0.75,6.33,78.7,0
975,43.3,59.1,25.6,51.0,1.09,6.7,81.2,0
976,,132.2,28.9,57.3,0.61,4.05,94.0,0
977,43.2,39.8,32.6,45.9,1.14,4.64,97.8,0
978,13.6,84.6,29.2,81.8,0.89,6.0,97.2,0
979,26.2,130.6,36.5,53.2,1.01,7.12,91.1,0
980,61.4,80.2,30.4,70.0,1.21,0.1,83.0,0
981,61.8,75.2,44.8,62.5,0.63,1.37,59.1,1
982,56.4,,40.0,48.2,0.79,6.62,87.4,0
983,35.5,,35.1,,1.14,3.45,85.0,0
984,49.3,114.3,39.1,69.4,1.63,2.66,86.1,1
985,49.9,24.7,39.5,57.7,0.96,1.49,85.4,0
986,32.6,118.3,31.2,74.3,1.18,2.89,74.4,0
987,72.6,44.4,29.9,72.3,0.97,1.2,89.5,1
988,63.2,73.3,34.4,71.0,1.58,8.18,90.1,0
989,46.7,69.3,38.3,54.5,0.48,3.96,90.5,0
990,50.4,94.7,34.7,47.0,1.03,3.88,92.6,0
991,53.1,40.0,26.1,52.6,0.51,5.18,89.8,0
992,19.4,91.6,30.0,62.4,0.25,5.92,81.7,0
993,46.3,130.6,33.6,66.5,1.09,5.89,84.4,0
994,39.8,45.9,33.6,33.9,1.04,6.15,85.7,0
995,35.0,84.7,43.9,59.9,0.91,2.74,85.9,0
996,45.8,63.5,27.1,61.9,0.97,,93.0,0
997,77.0,90.6,36.5,56.7,1.93,5.54,90.1,1
998,,80.5,41.4,75.5,0.92,2.95,101.6,1
999,41.4,64.0,45.4,65.1,1.15,3.99,102.7,1
1000,58.6,92.2,32.0,75.7,0.81,4.8,85.6,0
1001,71.0,125.1,36.5,,1.09,5.57,54.3,1
1002,63.9,75.2,36.8,71.2,0.93,0.44,94.9,0
1003,50.9,98.0,35.0,79.6,0.88,5.43,80.7,0
1004,40.3,47.7,33.5,75.7,1.55,3.53,78.6,0
1005,60.5,56.1,36.2,46.9,1.35,5.41,81.8,0
1006,55.9,91.8,21.3,57.0,1.04,5.55,81.4,0
1007,63.4,117.1,37.4,55.9,0.31,7.22,89.9,0
1008,59.5,88.9,34.6,65.9,0.89,6.71,72.5,0
1009,65.7,72.2,32.9,68.2,1.81,6.69,76.4,0
1010,42.0,80.0,44.2,49.9,0.93,6.89,87.7,0
1011,69.8,48.7,30.6,60.8,1.33,4.58,90.0,0
1012,,95.1,32.0,35.8,1.43,4.06,90.1,0
1013,81.1,102.1,44.0,77.3,1.07,5.75,78.7,1
1014,39.7,68.7,29.8,53.9,0.75,5.46,77.2,0
1015,76.0,68.2,31.2,60.7,0.27,3.38,80.9,0
1016,53.0,86.6,33.3,56.3,1.21,4.81,86.9,0
1017,,69.1,38.2,73.8,0.76,3.93,96.9,0
1018,42.7,78.3,35.0,25.9,1.05,2.29,68.6,0
1019,45.2,132.5,27.5,,0.63,6.58,83.2,0
1020,56.4,73.8,31.3,58.7,0.92,4.11,74.3,0
1021,57.8,71.0,31.0,54.6,1.01,8.1,71.8,0
1022,41.4,63.8,33.6,80.7,1.08,0.75,92.7,0
1023,,98.6,36.1,49.4,0.67,2.89,89.4,0
1024,82.1,75.5,36.1,69.3,1.36,4.07,88.6,0
1025,75.9,63.8,25.1,64.3,0.82,6.27,92.4,0
1026,56.5,113.0,39.3,75.1,0.5,4.8,81.2,0
1027,50.6,115.5,150.0,52.0,0.97,4.62,81.5,0
1028,51.8,65.0,40.9,,1.01,1.75,102.5,1
1029,59.2,33.3,36.2,73.2,1.05,1.69,83.0,0
1030,34.7,105.2,39.5,65.1,1.41,4.65,90.9,0
1031,46.1,62.9,36.3,41.5,0.93,1.27,85.1,0
1032,25.0,99.8,40.7,53.5,0.96,2.94,70.2,0
1033,56.0,30.7,36.6,64.6,0.67,5.0,68.6,0
1034,9999.0,102.3,33.5,70.1,1.25,2.04,80.4,0
1035,42.8,,45.4,51.8,1.06,7.21,93.4,0
1036,73.6,98.3,38.4,25.0,0.87,6.45,91.3,0
1037,31.6,,36.9,66.3,0.43,0.86,92.3,0
1038,28.0,56.2,27.6,45.4,1.43,2.14,77.1,0
1039,53.4,69.8,27.6,35.8,0.63,0.57,97.9,1
1040,65.7,97.2,35.5,26.0,0.82,2.43,77.3,0
1041,75.3,,34.7,69.8,1.11,5.53,86.7,0
1042,43.1,94.6,30.9,61.5,0.64,3.17,84.9,0
1043,66.2,129.4,34.7,57.3,0.55,4.92,83.6,0
1044,49.4,40.9,,,0.36,0.96,95.7,1
1045,47.4,120.4,37.5,67.6,1.22,5.6,79.4,0
1046,63.3,82.6,28.3,79.4,0.84,2.89,74.2,0
1047,59.8,57.5,33.4,43.3,1.88,4.02,85.2,0
1048,26.4,46.7,30.0,59.6,0.7,3.81,81.8,0
1049,72.1,75.3,32.1,40.6,0.72,,112.0,1
1050,70.7,103.0,150.0,57.2,0.83,1.69,90.4,0
1051,40.6,76.8,31.6,57.0,1.07,5.94,81.7,0
1052,55.9,117.8,27.7,67.5,0.86,4.8,76.6,0
1053,57.4,43.7,33.4,60.5,1.18,6.1,70.0,0
1054,53.9,79.7,31.2,67.5,0.71,4.65,76.8,0
1055,41.7,48.7,19.4,68.4,0.59,4.29,85.9,0
1056,39.9,89.1,44.3,85.9,0.46,0.55,96.4,1
1057,49.6,102.2,39.4,56.2,0.33,3.46,94.0,0
1058,67.6,69.5,32.1,48.7,0.84,,86.8,0
1059,58.2,14.9,34.1,63.0,0.91,7.91,82.4,0
1060,44.4,85.0,28.1,50.4,0.81,5.37,87.2,0
1061,61.6,90.9,42.5,77.8,1.37,7.07,80.9,0
1062,7.3,90.1,43.5,56.6,1.37,5.2,98.7,1
1063,67.2,110.9,34.8,53.2,0.9,2.58,83.5,0
1064,23.9,53.2,39.1,54.3,0.46,4.23,84.3,0
1065,44.6,97.0,34.9,68.6,0.83,4.47,67.3,0
1066,33.2,109.8,27.3,58.1,0.82,2.12,83.4,0
1067,30.6,35.5,31.9,52.3,0.8,3.23,91.7,0
1068,,88.0,34.7,80.0,0.79,3.59,76.5,0
1069,43.0,67.4,31.7,49.7,0.8,7.21,79.0,0
1070,55.2,78.0,32.9,60.4,0.88,0.16,91.3,0
1071,49.3,88.7,33.5,67.8,0.81,6.41,73.2,0
1072,57.2,67.8,33.6,40.4,1.06,2.13,93.5,0
1073,51.2,63.1,34.3,65.8,1.11,1.26,80.7,0
1074,30.8,80.9,28.7,,0.73,6.36,81.9,0
1075,64.9,52.8,30.4,69.9,1.38,5.46,76.0,0
1076,42.6,52.9,27.6,48.4,0.71,6.51,88.0,0
1077,26.7,97.0,38.9,68.3,0.51,5.6,104.7,0
1078,43.6,51.3,23.5,73.3,1.11,8.12,91.3,0
1079,72.5,96.7,39.8,70.3,0.75,5.12,78.1,0
1080,62.8,91.6,,63.0,1.1,3.69,94.1,0
1081,44.8,36.9,32.5,57.2,0.28,4.69,82.5,0
1082,44.8,63.1,21.0,53.1,1.42,6.49,96.0,0
1083,45.2,109.9,,77.7,1.2,2.44,91.5,0
1084,9999.0,55.5,33.7,51.6,0.55,2.7,61.5,0
1085,55.7,68.4,28.9,47.6,0.56,,77.0,0
1086,,91.6,31.4,68.0,1.5,0.21,92.6,0
1087,65.5,99.6,41.7,50.4,0.78,4.28,86.2,0
1088,53.6,73.7,37.3,48.6,0.75,0.23,76.8,0
1089,46.1,65.1,29.4,42.7,0.32,4.11,79.9,0
1090,47.1,115.6,26.0,54.2,0.89,5.73,69.8,0
1091,48.9,123.5,,59.0,0.93,3.05,84.3,0
1092,49.4,104.5,32.9,,1.21,7.35,102.7,0
1093,60.9,82.1,36.5,71.4,0.58,1.08,91.4,0
1094,50.8,59.8,31.3,66.3,0.54,6.38,102.5,0
1095,61.0,59.2,36.6,57.7,1.14,5.35,92.1,0
1096,,93.1,43.7,57.6,1.3,0.57,93.2,1
1097,51.2,90.5,38.1,66.1,0.53,9.42,100.8,0
1098,20.0,115.0,33.8,75.3,1.32,3.87,88.0,0
1099,63.7,96.3,33.1,61.5,1.01,2.25,83.5,0
1100,55.2,42.4,32.2,54.4,1.33,1.19,93.3,0
1101,65.0,106.3,39.9,48.1,0.98,3.56,96.6,0
1102,6.6,55.0,30.9,42.7,0.24,3.75,81.2,0
1103,81.3,70.4,34.2,68.0,0.95,4.21,79.2,0
1104,47.9,86.3,34.3,,1.32,3.4,86.1,0
1105,66.6,129.9,31.5,66.9,0.73,5.27,91.7,0
1106,,157.7,27.1,58.5,0.88,3.22,91.4,0
1107,59.2,95.2,35.6,,0.95,0.13,73.6,0
1108,34.2,75.4,33.7,,0.13,3.7,100.3,0
1109,40.6,93.4,36.5,,1.5,0.73,79.9,0
1110,78.7,102.2,31.3,59.5,0.73,4.71,82.9,0
1111,47.1,72.0,40.1,52.7,1.15,2.04,77.8,0
1112,53.3,124.9,29.6,67.1,0.97,4.33,106.6,1
1113,63.1,85.8,42.6,64.9,1.38,6.63,86.9,0
1114,57.4,92.4,,64.3,1.12,2.1,78.2,0
1115,52.3,96.6,,61.0,0.93,6.12,91.9,0
1116,55.5,90.5,36.4,59.5,0.73,3.13,91.2,0
1117,86.1,101.0,30.0,88.7,1.24,7.51,83.5,0
1118,49.1,64.6,36.1,74.2,0.44,-5.0,91.7,0
1119,53.0,66.0,40.4,68.7,1.19,2.32,78.4,0
1120,65.8,52.5,22.9,61.3,0.67,5.37,81.1,0
1121,66.6,91.0,36.5,72.1,1.38,3.13,68.9,0
1122,67.8,99.5,21.5,66.2,1.05,2.32,74.4,0
1123,59.6,91.4,29.2,60.3,1.19,3.04,99.5,0
1124,32.9,121.9,42.1,56.4,1.02,3.91,98.1,1
1125,,79.9,31.1,59.0,0.47,6.68,85.5,0
1126,32.8,,28.1,22.0,0.74,0.13,98.3,1
1127,54.5,52.7,33.0,62.5,1.2,4.05,83.7,0
1128,38.7,,44.3,54.1,1.05,5.25,83.1,0
1129,,97.4,24.8,79.1,1.35,4.39,85.5,0
1130,54.9,101.2,28.7,60.2,1.12,6.62,84.0,0
1131,54.8,72.7,41.5,45.7,0.71,,83.3,0
1132,56.3,78.2,43.3,,0.76,3.63,94.1,0
1133,,,33.5,47.4,1.03,5.18,86.2,0
1134,56.8,71.1,27.8,,0.31,4.2,90.7,0
1135,46.3,102.3,44.5,63.5,1.5,3.22,93.3,0
1136,64.5,94.4,42.0,71.5,1.13,5.03,88.1,0
1137,67.8,,37.4,50.5,1.37,2.69,77.2,0
1138,31.6,81.2,,60.4,0.53,2.78,74.2,0
1139,59.0,80.2,33.8,43.6,1.37,2.94,86.2,0
1140,60.5,63.5,33.2,68.4,1.67,6.71,83.6,0
1141,45.5,97.5,35.7,,0.6,,85.7,0
1142,70.6,90.5,41.3,65.9,1.23,4.79,84.9,1
1143,47.7,92.3,,60.0,1.0,,105.7,0
1144,51.9,66.8,28.6,65.0,0.54,0.64,74.4,0
1145,47.4,26.2,40.9,79.3,1.15,4.62,69.1,0
1146,50.2,107.4,35.6,56.6,1.25,4.95,87.7,0
1147,33.6,68.0,37.4,61.7,0.82,5.18,82.0,0
1148,28.4,58.4,41.3,47.0,1.35,-5.0,87.5,1
1149,73.9,97.3,28.4,49.6,0.5,6.73,89.7,0
1150,37.3,70.2,33.8,61.2,0.55,2.52,95.3,0
1151,35.1,106.5,31.3,73.2,1.04,5.37,72.9,0
1152,17.7,95.4,,56.9,1.01,5.48,80.5,0
1153,40.4,97.1,35.7,57.2,0.79,2.25,88.4,0
1154,30.2,45.9,46.6,55.1,1.24,5.32,91.2,0
1155,74.6,110.3,24.8,53.6,1.16,3.23,102.5,1
1156,65.1,86.5,33.8,63.5,1.26,0.14,92.6,0
1157,39.7,70.8,37.2,42.0,0.96,6.34,84.5,0
1158,83.8,83.6,34.6,75.4,1.18,2.45,77.9,0
1159,64.7,35.6,33.4,52.0,0.87,2.29,80.5,0
1160,45.1,90.2,27.5,68.7,1.62,3.19,80.3,0
1161,12.5,54.3,35.2,44.8,0.76,4.54,90.2,0
1162,84.4,46.2,30.2,68.0,1.63,3.89,87.1,1
1163,29.2,41.9,23.1,68.1,1.01,5.1,74.4,0
1164,,107.8,40.0,64.6,0.59,1.32,81.5,0
1165,65.3,64.3,38.8,48.1,1.41,2.52,92.0,0
1166,86.6,118.3,,63.0,1.04,3.77,87.8,1
1167,,66.6,35.1,45.8,1.26,7.8,89.5,0
1168,58.5,37.3,39.4,,1.37,3.77,88.1,0
1169,58.9,,35.1,72.4,1.1,6.17,98.0,0
1170,62.8,110.9,38.5,69.6,0.82,4.08,86.9,0
1171,61.4,76.1,32.5,60.2,1.29,3.03,81.9,0
1172,54.2,66.3,40.6,48.3,1.0,3.51,77.7,0
1173,51.6,84.0,35.6,67.7,1.21,,87.0,0
1174,49.1,92.5,35.0,,0.35,5.21,65.5,0
1175,,107.9,27.6,32.2,1.13,6.75,83.5,0
1176,45.8,116.2,35.4,69.4,0.81,,83.4,0
1177,24.6,71.0,29.8,59.7,1.5,6.37,74.1,0
1178,48.5,46.8,30.8,74.4,1.19,2.07,77.6,0
1179,35.2,69.7,29.9,46.9,1.07,3.17,91.5,0
1180,33.4,86.5,,21.9,1.15,2.55,86.8,0
1181,52.7,55.9,44.6,,0.7,,85.8,0
1182,70.9,56.1,40.7,63.5,1.49,3.28,87.5,1
1183,63.8,88.6,43.6,39.7,1.6,5.46,85.7,0
1184,26.4,78.8,27.9,48.3,1.12,2.14,94.9,0
1185,35.2,80.8,34.4,93.1,1.48,4.09,86.0,0
1186,64.1,61.0,27.5,56.3,0.83,5.37,73.3,0
1187,35.3,74.2,30.5,68.8,0.76,0.13,98.0,1
1188,,56.9,29.4,52.2,1.01,,88.0,0
1189,58.3,102.3,40.2,34.9,1.13,,80.3,0
1190,35.5,105.9,32.0,58.0,0.88,0.05,75.0,0
1191,51.6,33.8,39.3,56.8,1.16,4.32,88.2,0
1192,30.0,56.8,37.0,55.2,1.09,4.07,84.1,0
1193,41.0,42.6,45.5,58.6,0.7,3.84,97.6,1
1194,54.8,63.7,26.6,,1.16,5.98,82.2,0
1195,26.1,77.9,40.3,58.2,1.26,5.49,78.3,0
1196,56.6,43.8,39.7,44.8,1.05,4.6,92.2,0
1197,49.7,57.0,29.1,65.8,1.35,4.9,92.4,0
1198,58.3,54.9,150.0,36.6,0.63,3.79,86.3,0
1199,53.4,85.2,35.7,35.4,1.14,7.55,90.4,0
1200,70.5,,32.9,68.9,0.65,1.04,84.7,1
909,59.7,71.8,42.8,67.9,0.77,2.28,93.9,0
705,26.7,77.3,30.4,44.3,0.85,3.5,93.9,0
163,67.4,83.0,29.4,50.2,0.96,1.5,93.5,0
412,33.1,40.9,30.8,,0.68,,55.5,0
1052,55.9,117.8,27.7,67.5,0.86,4.8,76.6,0
1048,26.4,46.7,30.0,59.6,0.7,3.81,81.8,0
134,57.1,117.3,29.4,61.7,1.34,4.07,96.2,1
513,46.4,25.7,30.3,78.7,0.76,2.48,83.0,0
904,69.2,108.1,28.9,65.0,0.82,3.07,70.0,0
343,53.7,121.5,34.2,52.8,1.31,3.71,91.4,0
1191,51.6,33.8,39.3,56.8,1.16,4.32,88.2,0
979,26.2,130.6,36.5,53.2,1.01,7.12,91.1,0
271,71.6,109.9,30.5,43.3,0.65,3.28,92.6,0
223,60.3,70.9,34.4,59.5,0.94,3.83,75.9,0
111,21.2,79.4,36.4,42.8,0.84,6.08,81.4,0
466,46.7,79.4,32.5,52.4,0.75,5.62,90.1,0
672,18.9,74.6,42.5,53.7,1.11,2.67,100.2,1
957,55.1,70.6,34.4,47.9,1.17,4.19,86.5,0
32,77.8,,28.9,52.4,0.64,,98.5,1
1075,64.9,52.8,30.4,69.9,1.38,5.46,76.0,0
